{
    "A00": ["A11", "A12", "A13", "A21", "A22", "A30"],
    "B00": ["B11", "B12", "B13", "B14", "B15", "B16", "B17", "B18", "B19", "B21", "B22", "B23", "B31", "B32", "B33", "B34", "B35", "B36", "B37", "B41", "B42", "B43", "B44", "B45", "B51", "B52", "B53", "B54", "B55", "B71", "B72", "B73", "B74", "B75", "B76", "B77", "B81", "B82", "B83", "B84"],
    "Bx1": ["Bx1"],
    "Bx2": ["Bx2"],
    "C00": ["C10", "C21", "C22", "C23", "C31", "C32", "C33"],
    "D00": ["D10", "D20"],
    "E00": ["E10", "E20", "E30"],
    "F00": ["F10", "F20", "F30", "F40"],
    "G00": ["G11", "G12", "G21", "G22", "G30", "G40", "G50"],
    "H00": ["H11", "H12", "H21", "H22", "H23"]	
}