{
    "A10": ["A11", "A12", "A13"],
    "A20": ["A21", "A22"],
    "A30": ["A30"],
    "B10": ["B11", "B12", "B13", "B14", "B15", "B16", "B17", "B18", "B19"],
    "B20": ["B21", "B22", "B23"],
    "B30": ["B31", "B32", "B33", "B34", "B35", "B36", "B37"],
    "B40": ["B41", "B42", "B43", "B44", "B45"],
    "B50": ["B51", "B52", "B53", "B54", "B55"],
    "B70": ["B71", "B72", "B73", "B74", "B75", "B76", "B77"],
    "B80": ["B81", "B82", "B83", "B84"],
    "Bx1": ["Bx1"],
    "Bx2": ["Bx2"],
    "C10": ["C10"],
    "C20": ["C21", "C22", "C23"],
    "C30": ["C31", "C32", "C33"],
    "D10": ["D10"],
    "D20": ["D20"],
    "E10": ["E10"],
    "E20": ["E20"],
    "E30": ["E30"],
    "F10": ["F10"],
    "F20": ["F20"],
    "F30": ["F30"],
    "F40": ["F40"],
    "G10": ["G11", "G12"],
    "G20": ["G21", "G22"],
    "G30": ["G30"],
    "G40": ["G40"],
    "G50": ["G50"],
    "H10": ["H11", "H12"],
    "H20": ["H21", "H22", "H23"]	
}