OLD_name;NEW_name
AREA_SIZE;PARCEL_AREA_HA
GPS_ALT;GPS_ALTITUDE
LAND_MNGT;GRAZING
LC1_PCT;LC1_PERC
LC1_SPECIES;LC1_SPEC
LC2_PCT;LC2_PERC
LC2_SPECIES;LC2_SPEC
LU1_PCT;LU1_PERC
LU2_PCT;LU2_PERC
OBS_DIR;OBS_DIRECT
PHOTO_E;PHOTO_EAST
PHOTO_N;PHOTO_NORTH
PHOTO_P;PHOTO_POINT
PHOTO_S;PHOTO_SOUTH
PHOTO_W;PHOTO_WEST
PI_EXTENSION;OFFICE_PI
PROTECTED_AREA;SPECIAL_STATUS
SOIL_CROP;CROP_RESIDUES
SOIL_PLOUGH;LNDMNG_PLOUGH
SOIL_STONES;SOIL_STONES_PERC
SURV_DATE;SURVEY_DATE
TREE_HEIGHT_MAT;TREE_HEIGHT_MATURITY
TREE_HEIGHT_SRV;TREE_HEIGHT_SURVEY
TREES_HEIGHT_MATURITY;TREE_HEIGHT_MATURITY
TREES_HEIGHT_SURVEY;TREE_HEIGHT_SURVEY
