Attribute;Data_type
BIO_SAMPLE;integer
BULK0_10_SAMPLE;integer
BULK10_20_SAMPLE;integer
BULK20_30_SAMPLE;integer
CAR_EW;integer
CAR_LATITUDE;float
CAR_LONGITUDE;float
CPRN_CANDO;integer
CPRNC_LC1E;integer
CPRNC_LC1S;integer
CPRNC_LC1W;integer
CPRN_IMPERVIOUS_PERC;integer
CPRN_LC1E_BRDTH;integer
CPRN_LC1N_BRDTH;integer
CPRN_LC1N;integer
CPRN_LC1S_BRDTH;integer
CPRN_LC1W_BRDTH;integer
CPRN_URBAN;integer
CROP_RESIDUES;integer
EROSION_CANDO;integer
EUNIS_COMPLEX;integer
EX_ANTE;integer
FEATURE_WIDTH;integer
GPS_ALTITUDE;integer
GPS_EW;integer
GPS_PREC;integer
GPS_PROJ;integer
GRASS_CANDO;integer
GRASSLAND_SAMPLE;integer
GRAZING;integer
INSPIRE_PLCC1;integer
INSPIRE_PLCC2;integer
INSPIRE_PLCC3;integer
INSPIRE_PLCC4;integer
INSPIRE_PLCC5;integer
INSPIRE_PLCC6;integer
INSPIRE_PLCC7;integer
INSPIRE_PLCC8;integer
LC1_PERC;integer
LC2_PERC;integer
LC_LU_SPECIAL_REMARK;integer
LM_GRASS_MARGINS;integer
LM_PLOUGH_DIRECT;integer
LM_PLOUGH_SLOPE;integer
LM_STONE_WALLS;integer
LNDMNG_PLOUGH;integer
LU1_PERC;integer
LU2_PERC;integer
OBS_DIRECT;integer
OBS_DIST;float
OBS_RADIUS;integer
OBS_TYPE;integer
OFFICE_PI;integer
ORGANIC_SAMPLE;integer
PARCEL_AREA_HA;integer
PHOTO_EAST;integer
PHOTO_NORTH;integer
PHOTO_POINT;integer
PHOTO_SOUTH;integer
PHOTO_WEST;integer
POINT_ID;integer
SOIL_BIO_TAKEN;integer
SOIL_BLK_0_10_TAKEN;integer
SOIL_BLK_10_20_TAKEN;integer
SOIL_BLK_20_30_TAKEN;integer
SOIL_ORG_DEPTH_CANDO;integer
SOIL_STD_TAKEN;integer
SOIL_STONES_PERC;integer
SOIL_TAKEN;integer
SPECIAL_STATUS;integer
STANDARD_SAMPLE;integer
SURVEY_DATE;date
TH_EW;integer
TREE_HEIGHT_MATURITY;integer
TREE_HEIGHT_SURVEY;integer
WM_DELIVERY;integer
WM;integer
WM_SOURCE;integer
WM_TYPE;integer
