Attribute;Group
POINT_ID;DEFAULT
NUTS0;DEFAULT
NUTS1;DEFAULT
NUTS2;DEFAULT
NUTS3;DEFAULT
SURVEY_DATE;DEFAULT
CAR_LATITUDE;DEFAULT
CAR_LONGITUDE;DEFAULT
CAR_EW;DEFAULT
GPS_PROJ;DEFAULT
GPS_PREC;DEFAULT
GPS_LAT;DEFAULT
GPS_EW;
GPS_LONG;DEFAULT
GPS_ALTITUDE;DEFAULT
GEOG_GPS;DEFAULT
GEOM_GPS;DEFAULT
TH_LAT;DEFAULT
TH_EW;
TH_LONG;DEFAULT
GEOG_TH;DEFAULT
DIST_GPS_TH;DEFAULT
GEOM_THR;DEFAULT
DIST_TH_THR;DEFAULT
DIST_THR_GRID;DEFAULT
OBS_DIST;DEFAULT
OBS_DIRECT;DEFAULT
OBS_TYPE;DEFAULT
OBS_RADIUS;DEFAULT
LC1;LAND COVER
LC1_H;LAND COVER
LC1_SPEC;LAND COVER
LC1_PERC;LAND COVER
LC2;LAND COVER
LC2_H;LAND COVER
LC2_SPEC;LAND COVER
LC2_PERC;LAND COVER
LU1;LAND USE
LU1_H;LAND USE
LU1_TYPE;LAND USE
LU1_PERC;LAND USE
LU2;LAND USE
LU2_H;LAND USE
LU2_TYPE;LAND USE
LU2_PERC;LAND USE
PARCEL_AREA_HA;LAND USE
TREE_HEIGHT_SURVEY;FORESTRY
TREE_HEIGHT_MATURITY;FORESTRY
FEATURE_WIDTH;LAND COVER
LM_PLOUGH_SLOPE;LAND USE
LM_PLOUGH_DIRECT;LAND USE
LM_STONE_WALLS;LAND USE
LM_GRASS_MARGINS;LAND USE
CPRN_CANDO;COPERNICUS
CPRN_LC;COPERNICUS
CPRN_LC1N;COPERNICUS
CPRNC_LC1E;COPERNICUS
CPRNC_LC1S;COPERNICUS
CPRNC_LC1W;COPERNICUS
CPRN_LC1N_BRDTH;COPERNICUS
CPRN_LC1E_BRDTH;COPERNICUS
CPRN_LC1S_BRDTH;COPERNICUS
CPRN_LC1W_BRDTH;COPERNICUS
CPRN_LC1N_NEXT;COPERNICUS
CPRN_LC1E_NEXT;COPERNICUS
CPRN_LC1S_NEXT;COPERNICUS
CPRN_LC1W_NEXT;COPERNICUS
CPRN_URBAN;COPERNICUS
CPRN_IMPERVIOUS_PERC;COPERNICUS
INSPIRE_PLCC1;INSPIRE
INSPIRE_PLCC2;INSPIRE
INSPIRE_PLCC3;INSPIRE
INSPIRE_PLCC4;INSPIRE
INSPIRE_PLCC5;INSPIRE
INSPIRE_PLCC6;INSPIRE
INSPIRE_PLCC7;INSPIRE
INSPIRE_PLCC8;INSPIRE
EUNIS_COMPLEX;LAND COVER
GRASSLAND_SAMPLE;LAND COVER
GRASS_CANDO;LAND COVER
GRAZING;LAND USE
WM;LAND USE
WM_SOURCE;LAND USE
WM_TYPE;LAND USE
WM_DELIVERY;LAND USE
SOIL_TAKEN;SOIL
EROSION_CANDO;SOIL
BIO_SAMPLE;SOIL
SOIL_BIO_TAKEN;SOIL
BULK0_10_SAMPLE;SOIL
SOIL_BLK_0_10_TAKEN;SOIL
BULK10_20_SAMPLE;SOIL
SOIL_BLK_10_20_TAKEN;SOIL
BULK20_30_SAMPLE;SOIL
SOIL_BLK_20_30_TAKEN;SOIL
STANDARD_SAMPLE;SOIL
SOIL_STD_TAKEN;SOIL
ORGANIC_SAMPLE;SOIL
SOIL_ORG_DEPTH_CANDO;SOIL
OFFICE_PI;DEFAULT
LNDMNG_PLOUGH;LAND USE
SPECIAL_STATUS;LAND USE
LC_LU_SPECIAL_REMARK;LAND COVER
SOIL_STONES_PERC;SOIL
PHOTO_POINT;LAND COVER
PHOTO_NORTH;LAND COVER
PHOTO_EAST;LAND COVER
PHOTO_SOUTH;LAND COVER
PHOTO_WEST;LAND COVER
CROP_RESIDUES;LAND COVER
TRANSECT;LAND COVER
EX_ANTE;DEFAULT
